,Parameter,Skew Model RMSE,Normal Model RMSE
0,alpha,0.1479999999999997,0.9260000000000002
1,beta,0.008000000000000007,0.006999999999999895
2,sigma_v,0.06699999999999995,0.66
3,sigma_u,0.03200000000000003,0.09899999999999998
4,lambda,4.523,
