,Parameter,Skew Model RMSE,Normal Model RMSE
0,alpha,0.17400000000000038,1.4900000000000002
1,beta,0.1429999999999998,0.20500000000000007
2,sigma_v,0.264,0.501
3,sigma_u,0.06699999999999995,0.07200000000000006
4,lambda,4.258,
