,Parameter,Skew Model RMSE,Normal Model RMSE
0,alpha,0.038000000000000256,0.665
1,beta,0.05600000000000005,0.050999999999999934
2,sigma_v,0.16799999999999993,0.938
3,sigma_u,0.0040000000000000036,0.42500000000000004
4,lambda,4.33,
