,Parameter,Skew Model RMSE,Normal Model RMSE
0,alpha,0.04800000000000004,0.8410000000000002
1,beta,0.015000000000000124,0.008000000000000007
2,sigma_v,0.006999999999999895,0.824
3,sigma_u,0.07399999999999995,0.393
4,lambda,4.159,
