,Parameter,Skew Model RMSE,Normal Model RMSE
0,alpha,0.16800000000000015,0.8300000000000001
1,beta,0.02499999999999991,0.02300000000000013
2,sigma_v,0.040000000000000036,0.651
3,sigma_u,0.134,0.30800000000000005
4,lambda,1.469,
