,n,Skew Model RMSE,Normal Model RMSE
0,50,1.3033308769280045,1.2973893406239283
1,100,1.1044097794654484,1.0936333902793718
2,200,1.2336951413102628,1.129821205867066
3,500,1.3141891186017198,1.3072771524834044
