,n,Skew Model RMSE,Normal Model RMSE
0,50,1.1331915010501077,1.123814560516189
1,100,0.913158078407112,0.8496127191924553
2,200,0.9450510769481958,0.7309530663273883
3,500,0.9971828024340363,0.9515321597485574
