,n,Skew Model RMSE,Normal Model RMSE
0,50,1.2143875818577585,1.218290560639096
1,100,1.0014620434003705,0.9715547365339208
2,200,1.0537756880445364,0.9001783674944575
3,500,1.1308355735442126,1.1157345521675928
