,n,Skew Model RMSE,Normal Model RMSE
0,50,0.9209816191857932,0.7997050517588472
1,100,0.7085692564471697,0.650070595813909
2,200,0.788589440567592,0.44385327960416576
3,500,0.6653073741918917,0.334882208516515
