,Parameter,Skew Model RMSE,Normal Model RMSE
0,alpha,0.2599999999999998,0.5
1,beta,0.05600000000000005,0.07899999999999996
2,sigma_v,0.06699999999999995,0.3819999999999999
3,sigma_u,0.11599999999999999,0.06799999999999995
4,lambda,0.7470000000000001,
