,Parameter,Skew Model RMSE,Normal Model RMSE
0,alpha,0.2859999999999996,0.8070000000000004
1,beta,0.08899999999999997,0.09000000000000008
2,sigma_v,0.14300000000000002,0.29499999999999993
3,sigma_u,0.27,0.239
4,lambda,0.135,
