,Parameter,Skew Model RMSE,Normal Model RMSE
0,alpha,0.0039999999999995595,0.6989999999999998
1,beta,0.04800000000000004,0.04800000000000004
2,sigma_v,0.018000000000000016,0.4079999999999999
3,sigma_u,0.04500000000000004,0.21799999999999997
4,lambda,0.7809999999999999,
