,n,Skew Model RMSE,Normal Model RMSE
0,50,1.0557290351527744,1.0440603354349705
1,100,0.8439489292629289,0.7690513005454716
2,200,0.9134527712013398,0.6291392094788556
3,500,0.8891612039141463,0.7620323800541955
