,Parameter,Skew Model RMSE,Normal Model RMSE
0,alpha,0.18900000000000006,0.8399999999999999
1,beta,0.07800000000000007,0.08299999999999996
2,sigma_v,0.18900000000000006,0.582
3,sigma_u,0.19899999999999995,0.020999999999999908
4,lambda,0.9179999999999999,
